/*
Navicat SQL Server Data Transfer

Source Server         : java实训项目
Source Server Version : 90000
Source Host           : 39.105.54.171:1433
Source Database       : db_DrinkeryManage
Source Schema         : dbo

Target Server Type    : SQL Server
Target Server Version : 90000
File Encoding         : 65001

Date: 2018-05-12 22:53:40
*/


-- ----------------------------
-- Table structure for dtproperties
-- ----------------------------
DROP TABLE [dbo].[dtproperties]
GO
CREATE TABLE [dbo].[dtproperties] (
[id] int NOT NULL IDENTITY(1,1) ,
[objectid] int NULL ,
[property] varchar(64) NOT NULL ,
[value] varchar(255) NULL ,
[uvalue] nvarchar(255) NULL ,
[lvalue] image NULL ,
[version] int NOT NULL DEFAULT (0) 
)


GO
DBCC CHECKIDENT(N'[dbo].[dtproperties]', RESEED, 7)
GO

-- ----------------------------
-- Records of dtproperties
-- ----------------------------
SET IDENTITY_INSERT [dbo].[dtproperties] ON
GO
INSERT INTO [dbo].[dtproperties] ([id], [objectid], [property], [value], [uvalue], [lvalue], [version]) VALUES (N'1', N'1', N'DtgSchemaOBJECT', null, null, null, N'0')
GO
GO
INSERT INTO [dbo].[dtproperties] ([id], [objectid], [property], [value], [uvalue], [lvalue], [version]) VALUES (N'2', N'1', N'DtgSchemaGUID', N'{EA3E6268-D998-11CE-9454-00AA00A3F36E}', N'{EA3E6268-D998-11CE-9454-00AA00A3F36E}', null, N'0')
GO
GO
INSERT INTO [dbo].[dtproperties] ([id], [objectid], [property], [value], [uvalue], [lvalue], [version]) VALUES (N'3', N'1', N'DtgSchemaNAME', N'DIAGRAM1', N'DIAGRAM1', null, N'0')
GO
GO
INSERT INTO [dbo].[dtproperties] ([id], [objectid], [property], [value], [uvalue], [lvalue], [version]) VALUES (N'4', N'1', N'DtgDSRefBYTES', N'618', N'618', null, N'1')
GO
GO
INSERT INTO [dbo].[dtproperties] ([id], [objectid], [property], [value], [uvalue], [lvalue], [version]) VALUES (N'5', N'1', N'DtgDSRefDATA', null, null, 0xDBE6B0E91C81D011AD5100A0C90F573900000200F0316B117F01C6010202000010480500000000000000000000000000000000000C0100004400520049005600450052003D00530051004C0020005300650072007600650072003B005300450052005600450052003D0028004C004F00430041004C0029003B0054007200750073007400650064005F0043006F006E006E0065006300740069006F006E003D005900650073003B004100500050003D004D0053002000530051004C0045004D0020002D0020004400610074006100200054006F006F006C0073003B0057005300490044003D0041003B00440041005400410042004100530045003D00640062005F004400720069006E006B006500720079004D0061006E006100670065003B004100750074006F005400720061006E0073006C006100740065003D00590065007300000000800500120000004400490041004700520041004D00310000000002260010000000740062005F006400650073006B00000008000000640062006F0000000002260016000000740062005F006900740065006D0069007A006500000008000000640062006F000000000226000E000000740062005F006C006F006700000008000000640062006F0000000002260010000000740062005F006D0065006E007500000008000000640062006F000000000226001C000000740062005F006F0072006400650072005F0066006F0072006D00000008000000640062006F0000000002260010000000740062005F0073006F0072007400000008000000640062006F0000000002240010000000740062005F007500730065007200000008000000640062006F000000, N'1')
GO
GO
INSERT INTO [dbo].[dtproperties] ([id], [objectid], [property], [value], [uvalue], [lvalue], [version]) VALUES (N'6', N'1', N'DtgSchemaBYTES', N'16896', N'16896', null, N'1')
GO
GO
INSERT INTO [dbo].[dtproperties] ([id], [objectid], [property], [value], [uvalue], [lvalue], [version]) VALUES (N'7', N'1', N'DtgSchemaDATA', null, null, 0xD0CF11E0A1B11AE1000000000000000000000000000000003E000300FEFF0900060000000000000000000000010000000100000000000000001000000200000001000000FEFFFFFF0000000000000000FFFFFFFFFFFFFFFFFFFFFFFFFFFFFFFFFFFFFFFFFFFFFFFFFFFFFFFFFFFFFFFFFFFFFFFFFFFFFFFFFFFFFFFFFFFFFFFFFFFFFFFFFFFFFFFFFFFFFFFFFFFFFFFFFFFFFFFFFFFFFFFFFFFFFFFFFFFFFFFFFFFFFFFFFFFFFFFFFFFFFFFFFFFFFFFFFFFFFFFFFFFFFFFFFFFFFFFFFFFFFFFFFFFFFFFFFFFFFFFFFFFFFFFFFFFFFFFFFFFFFFFFFFFFFFFFFFFFFFFFFFFFFFFFFFFFFFFFFFFFFFFFFFFFFFFFFFFFFFFFFFFFFFFFFFFFFFFFFFFFFFFFFFFFFFFFFFFFFFFFFFFFFFFFFFFFFFFFFFFFFFFFFFFFFFFFFFFFFFFFFFFFFFFFFFFFFFFFFFFFFFFFFFFFFFFFFFFFFFFFFFFFFFFFFFFFFFFFFFFFFFFFFFFFFFFFFFFFFFFFFFFFFFFFFFFFFFFFFFFFFFFFFFFFFFFFFFFFFFFFFFFFFFFFFFFFFFFFFFFFFFFFFFFFFFFFFFFFFFFFFFFFFFFFFFFFFFFFFFFFFFFFFFFFFFFFFFFFFFFFFFFFFFFFFFFFFFFFFFFFFFFFFFFFFFFFFFFFFFFFFFFFFFFFFFFFFFFFFFFFFFFFFFFFFFFFFFFFFFFFFFFFFFFFFFFFFFFFFFFFFFFFFFFFFFFFFFFFFFFFFFFFFFFFFFFFFFFFFFFFFFFFFFFFFFFFFFFFFFFFFFFFFFFFFFFFFFFFFFFFFFFFFFFFFFFFFFFFFFFFFFFFFFFFFFFFFFFFFFFFFFFFFFFFFFFFFFFFFFFFFFFFFFFFFFFFFFFFFFFFFFFFFDFFFFFF14000000FEFFFFFF0400000005000000060000001300000008000000090000000A0000000B0000000C0000000D0000000E0000000F000000100000001100000012000000FEFFFFFF1F000000FEFFFFFF160000001700000018000000190000001A0000001B0000001C0000001D0000001E000000FEFFFFFFFEFFFFFFFFFFFFFFFFFFFFFFFFFFFFFFFFFFFFFFFFFFFFFFFFFFFFFFFFFFFFFFFFFFFFFFFFFFFFFFFFFFFFFFFFFFFFFFFFFFFFFFFFFFFFFFFFFFFFFFFFFFFFFFFFFFFFFFFFFFFFFFFFFFFFFFFFFFFFFFFFFFFFFFFFFFFFFFFFFFFFFFFFFFFFFFFFFFFFFFFFFFFFFFFFFFFFFFFFFFFFFFFFFFFFFFFFFFFFFFFFFFFFFFFFFFFFFFFFFFFFFFFFFFFFFFFFFFFFFFFFFFFFFFFFFFFFFFFFFFFFFFFFFFFFFFFFFFFFFFFFFFFFFFFFFFFFFFFFFFFFFFFFFFFFFFFFFFFFFFFFFFFFFFFFFFFFFFFFFFFFFFFFFFFFFFFFFFFFFFFFFFFFFFFFFFFFFFFFFFFFFFFFFFFFFFFFFFFFFFFFFFFFFFFFFFFFFFFFFFFFFFFFFFFFFFFFFFFFFFFFFFFFFFFFFFFFFFFFFFFFFFFFFFFFFFFFFFFFFFFFFFFFFFFFFFFFFFFFFFFFFFFFFFFFFFFFFFFFFFFFFFFFFFFFFFFFFFFFFFFFFFFFFFFFFFFFFFFFFFFFFFFFFFFFFFFFFFFFFFFFFFFFFFFFFFFFFFFFFFFFFFFFFFFFFFFFFFFFFFFFFFFFFFFFFFFFFFFFFFFFFFFFFFFFFFFFFFFFFFFFFFFFFFFFFFFFFFFFFFFFFFFFFFFFFFFFFFFFFFFFFFFFFFFFFFFFFFFFFFFFFFFFFFFFFFFFFF52006F006F007400200045006E00740072007900000000000000000000000000000000000000000000000000000000000000000000000000000000000000000016000500FFFFFFFFFFFFFFFF0200000000000000000000000000000000000000000000000000000000000000F0A26D117F01C60103000000400B0000000000006600000000000000000000000000000000000000000000000000000000000000000000000000000000000000000000000000000000000000000000000000000004000201FFFFFFFFFFFFFFFFFFFFFFFF00000000000000000000000000000000000000000000000000000000000000000000000000000000B2070000000000006F000000000000000000000000000000000000000000000000000000000000000000000000000000000000000000000000000000000000000000000000000000040002010100000004000000FFFFFFFF000000000000000000000000000000000000000000000000000000000000000000000000070000000A17000000000000010043006F006D0070004F0062006A0000000000000000000000000000000000000000000000000000000000000000000000000000000000000000000000000012000201FFFFFFFFFFFFFFFFFFFFFFFF0000000000000000000000000000000000000000000000000000000000000000000000001F00000061000000000000000100000002000000030000000400000005000000060000000700000008000000090000000A0000000B0000000C0000000D0000000E0000000F000000100000001100000012000000130000001400000015000000160000001700000018000000190000001A0000001B0000001C0000001D0000001E000000FEFFFFFF20000000FEFFFFFFFEFFFFFF230000002400000025000000260000002700000028000000290000002A0000002B000000FEFFFFFFFEFFFFFFFFFFFFFFFFFFFFFFFFFFFFFFFFFFFFFFFFFFFFFFFFFFFFFFFFFFFFFFFFFFFFFFFFFFFFFFFFFFFFFFFFFFFFFFFFFFFFFFFFFFFFFFFFFFFFFFFFFFFFFFFFFFFFFFFFFFFFFFFFFFFFFFFFFFFFFFFFFFFFFFFFFFFFFFFFFFFFFFFFFFFFFFFFFFFFFFFFFFFFFFFFFFFFFFFFFFFFFFFFFFFFFFFFFFFFFFFFFFFFFFFFFFFFFFFFFFFFFFFFFFFFFFFFFFFFFFFFFFFFFFFFFFFFFFFFFFFFFFFFFFFFFFFFFFFFFFFFFFFFFFFFFFFFFFFFFFFFFFFFFFFFFFFFFFFFFFFFFFFFFFFFFFFFFFFFFFFFFFFFFFFFFFFFFFFFFFFFFFFFFFFFFFFFFFFFFFFFFFFFFFFFFFFFFFFFFFFFFFFFFFFFFFFFFFFFFFFFFFFFFFFFFFFFFFFFFFFFFFFFFFFFFFFFFFFFFFFFFFFFFFFFFFFFFFFFFFFFFFFFFFFFFFFFFFFFFFFFFFFFFFFFFFFFFFFFFFFFFFFFFFFFFFFFFFFFFFFFFFFFFFFFFFFFFFFFFFFFFFFFFFFFFFFFFFFFFFFFFFFFFFFFFFFFFFFFFFFFFFFFFFFFFFFFFFFFFFFFFFFFFFFFFF000434000A1E500C05000080130000000F00FFFF5900000013000000007D00003C5100004627000019800000215000009AFAFFFF86150000DE805B10F195D011B0A000AA00BDCB5C00001800B300000006000080010000408622BC0253797374656D0000030000003C006B0000000900000000000000D9E6B0E91C81D011AD5100A0C90F573970E24E46C7FDD211974300105A994F8D61CDD34FADE5D311903D00C04F79F83100002800430000000000000053444DD2011FD1118E63006097D2DF48E89985508ADFD111A2D0006097C4DE2400002800430000000000000051444DD2011FD1118E63006097D2DF48E66BB69F5CB2CF11BAA800AA00A2043013000000AC0600000093010300009C00A50900000900008012000000620000000180000070000000436F6E74726F6C3138000000583C00000A4100007351FB7C2000270046004B005F00540042005F004C004F0047005F005200450046004500520045004E00430045005F00540042005F00550053004500520027000CFF5E5C8E4E20002700740062005F007500730065007200270020008C5420002700740062005F006C006F00670027000000A800A5090000090000801000000052000000018000007C000000436F6E74726F6C31360000005A2B0000AC2600007351FB7C2000270046004B005F00540042005F004900540045004D0049005F005200450046004500520045004E00430045005F00540042005F004D0045004E00550027000CFF5E5C8E4E20002700740062005F006D0065006E007500270020008C5420002700740062005F006900740065006D0069007A00650027000000A000A5090000090000800E000000520000000180000074000000436F6E74726F6C313400000072400000AC2600007351FB7C2000270046004B005F00540042005F004D0045004E0055005F005200450046004500520045004E00430045005F00540042005F0053004F005200540027000CFF5E5C8E4E20002700740062005F0073006F0072007400270020008C5420002700740062005F006D0065006E00750027000000B800A5090000090000800C00000062000000018000008A000000436F6E74726F6C313200000094110000863300007351FB7C2000270046004B005F00540042005F004900540045004D0049005F005200450046004500520045004E00430045005F00540042005F004F00520044004500520027000CFF5E5C8E4E20002700740062005F006F0072006400650072005F0066006F0072006D00270020008C5420002700740062005F006900740065006D0069007A006500270000000000B000A5090000090000800A000000520000000180000082000000436F6E74726F6C313000000060090000374200007351FB7C2000270046004B005F00540042005F004F0052004400450052005F005200450046004500520045004E00430045005F00540042005F004400450053004B0027000CFF5E5C8E4E20002700740062005F006400650073006B00270020008C5420002700740062005F006F0072006400650072005F0066006F0072006D0027000D000000AC00A50900000800008008000000620000000180000082000000436F6E74726F6C38231200005A3C00007351FB7C2000270046004B005F00540042005F004F0052004400450052005F005200450046004500520045004E00430045005F00540042005F00550053004500520027000CFF5E5C8E4E20002700740062005F007500730065007200270020008C5420002700740062005F006F0072006400650072005F0066006F0072006D0027000D0000002C00B50100000900008009000000310000006B000000028000004444534C6162656C3900000081200000E842000000002C00B50100000A0000800B000000310000006B000000028000004444534C6162656C313100003B0B00005045000000002C00B50100000A0000800D000000310000006D000000028000004444534C6162656C3133000006180000C936000000002C00B50100000A0000800F0000003100000069000000028000004444534C6162656C313500003A3600008728000000002C00B50100000A00008011000000310000006B000000028000004444534C6162656C313700004F1C00008728000000002C00B50100000A000080130000003100000067000000028000004444534C6162656C31390000034200006447000000003400A50900000800008002000000A6020000008000000A0000805363684772696432B61C00004227000074625F6974656D697A65000000003000A50900000800008007000000A002000000800000070000805363684772696437B42D0000863D000074625F757365723700003000A50900000800008004000000A002000000800000070000805363684772696434CE3100004227000074625F6D656E753400003000A50900000800008001000000A002000000800000070000805363684772696431C20100007C47000074625F6465736B3100003000A50900000800008006000000A002000000800000070000805363684772696436004B00008025000074625F736F72743600003000A509000008000080030000009E02000000800000060000805363684772696433D4490000A041000074625F6C6F67643300003800A50900000800008005000000AC020000008000000D0000805363684772696435840300001437000074625F6F726465725F666F726D000000870902000000004C0000000000000100FEFF030A0000FFFFFFFF00000000000000000000000000000000190000004D6963726F736F667420466F726D7320322E3020466F726D0010000000456D6204000B00843D00002C4C0000544100002C4C00005441000036420000D4490000364200000000000002000000ECE9D8000000000000000000000000000000000001000000C8A1150044F3140003420000644700000D1400008D01000034000000000002000B00CE310000D8270000862C0000D82700000000000002000000ECE9D8000000000000000000000000000000000001000000C854180044F314004F1C0000872800007F1500008D01000032000000000002000B00004B0000D82700009E410000D82700000000000002000000ECE9D8000000000000000000000000000000000001000000F827150044F314003A36000087280000C61400008D01000032000000000004000B00C012000014370000C01200001A3600004C1D00001A3600004C1D0000B23400000000000002000000ECE9D80000000000000000000000000000000000010000001866180044F3140006180000C9360000531600008D01000032000000000002000B008C0A00007C4700008C0A0000634300000000000002000000ECE9D8000000000000000000000000000000000001000000F87B0C0244F314003B0B0000504500007F1500008D0100002F000000000004000B00B42D000024450000EE23000024450000EE230000863D00004F130000863D00000000000002000000ECE9D80000000000000000000000000000000000010000005856180044F3140081200000E84200007F1500008D010000320000000000020200007F1500008D010000020000000000FFFFFF0008000080010000001500018600009001905F010004CBCECCE51D0046004B005F00540042005F004F0052004400450052005F005200450046004500520045004E00430045005F00540042005F005500530045005200020200007F1500008D010000020000000000FFFFFF0008000080010000001500018600009001905F010004CBCECCE51D0046004B005F00540042005F004F0052004400450052005F005200450046004500520045004E00430045005F00540042005F004400450053004B0002020000531600008D010000020000000000FFFFFF0008000080010000001500018600009001905F010004CBCECCE51E0046004B005F00540042005F004900540045004D0049005F005200450046004500520045004E00430045005F00540042005F004F00520044004500520002020000C61400008D010000020000000000FFFFFF0008000080010000001500018600009001905F010004CBCECCE51C0046004B005F00540042005F004D0045004E0055005F005200450046004500520045004E00430045005F00540042005F0053004F0052005400020200007F1500008D010000020000000000FFFFFF0008000080010000001500018600009001905F010004CBCECCE51D0046004B005F00540042005F004900540045004D0049005F005200450046004500520045004E00430045005F00540042005F004D0045004E005500020200000D1400008D010000020000000000FFFFFF0008000080010000001500018600009001905F010004CBCECCE51B0046004B005F00540042005F004C004F0047005F005200450046004500520045004E00430045005F00540042005F0055005300450052002143341208000000D00F0000700D0000785634120700000014010000740062005F006900740065006D0069007A00650000000000CA080000D00F0000CA0800000000000060090000D00F00006009000000000000F6090000D00F0000F6090000000000008C0A0000D00F00008C0A000000000000220B0000D00F0000220B000000000000B80B0000D00F0000B80B0000000000004E0C0000D00F00004E0C000000000000E40C0000D00F0000E40C0000000000007A0D0000D00F00007A0D000000000000100E0000D00F0000100E000000000000A60E0000D00F0000A60E0000000000003C0F0000D00F00003C0F000000000000D20F0000D00F0000D20F00000000000068100000D00F0000FF0000004CFFFFFF0100000005000000540000002C0000002C0000002C00000034000000000000000000000073230000F3100000000000002D010000080000000C000000070000001C010000720600004605000058020000EE0200000D0200008403000065040000A30200006504000091050000CF0300000000000001000000D00F0000700D000000000000060000000600000002000000020000001C010000410600000000000001000000D00F0000700D000000000000060000000600000002000000020000001C010000720600000100000000000000D00F0000E502000000000000000000000000000002000000020000001C01000072060000000000000000000084250000BC19000000000000000000000D00000004000000040000001C010000720600009E070000B004000078563412040000005E00000001000000010000000B000000000000000100000002000000030000000400000005000000060000000700000008000000090000000A00000004000000640062006F0000000B000000740062005F006900740065006D0069007A00650000002143341208000000D00F0000310F0000785634120700000014010000740062005F007500730065007200000000000000100E0000FA170000A60E000000000000A60E0000FA1700003C0F0000000000003C0F0000FA1700000000000096000000D00F000096000000000000002C010000D00F00002C01000000000000C2010000D00F0000C20100000000000058020000D00F00005802000000000000EE020000D00F0000EE0200000000000084030000D00F000084030000000000001A040000D00F00001A04000000000000B0040000D00F0000B00400000000000046050000D00F00004605000000000000DC050000D00F0000DC0500000000000072060000D00F00007206000000000000FF0000004CFFFFFF0100000005000000540000002C0000002C0000002C00000034000000000000000000000073230000B5120000000000002D010000090000000C000000070000001C010000720600004605000058020000EE0200000D0200008403000065040000A30200006504000091050000CF0300000000000001000000D00F0000310F000000000000070000000700000002000000020000001C010000410600000000000001000000D00F0000310F000000000000070000000700000002000000020000001C010000720600000100000000000000D00F0000E502000000000000000000000000000002000000020000001C01000072060000000000000000000084250000BC19000000000000000000000D00000004000000040000001C010000720600009E070000B004000078563412040000005800000001000000010000000B000000000000000100000002000000030000000400000005000000060000000700000008000000090000000A00000004000000640062006F00000008000000740062005F00750073006500720000002143341208000000D00F0000310F0000785634120700000014010000740062005F006D0065006E00750000000000000000000000000000000000000000000000000000000000000000000000000000000000000000000000000000000000000000000000000000000000000000000000000000000000000000000000000000000000000000000000000000000000000000000000000000000000000000000000000000000000000000000000000000000000000000000000000000000000000000000000000000000000000000000000000000000000000000000000000000000000000000000000000000000000000000000000000000000000000000000000000000000000000000000000FF0000004CFFFFFF0100000005000000540000002C0000002C0000002C00000034000000000000000000000073230000B5120000000000002D010000090000000C000000070000001C010000720600004605000058020000EE0200000D0200008403000065040000A30200006504000091050000CF0300000000000001000000D00F0000310F000000000000070000000700000002000000020000001C010000410600000000000001000000D00F0000310F000000000000070000000700000002000000020000001C010000720600000100000000000000D00F0000E502000000000000000000000000000002000000020000001C01000072060000000000000000000084250000BC19000000000000000000000D00000004000000040000001C010000720600009E070000B004000078563412040000005800000001000000010000000B000000000000000100000002000000030000000400000005000000060000000700000008000000090000000A00000004000000640062006F00000008000000740062005F006D0065006E00750000002143341208000000CB0F000015070000785634120700000014010000740062005F006400650073006B0000000000000000000000000000000000000000000000000000000000000000000000000000000000000000000000000000000000000000000000000000000000000000000000000000000000000000000000000000000000000000000000000000000000000000000000000000000000000000000000000000000000000000000000000000000000000000000000000000000000000000000000000000000000000000000000000000000000000000000000000000000000000000000000000000000000000000000000000000000000000000000000000000000000000000000000FF0000004CFFFFFF0100000005000000540000002C0000002C0000002C00000034000000000000000000000073230000310F0000000000002D010000070000000C000000070000001C010000720600004605000058020000EE0200000D0200008403000065040000A30200006504000091050000CF0300000000000001000000CB0F00001507000000000000020000000200000002000000020000001C010000410600000000000001000000D00F00006806000000000000020000000200000002000000020000001C010000720600000100000000000000D00F0000E502000000000000000000000000000002000000020000001C01000072060000000000000000000084250000BC19000000000000000000000D00000004000000040000001C010000720600009E070000B004000078563412040000005800000001000000010000000B000000000000000100000002000000030000000400000005000000060000000700000008000000090000000A00000004000000640062006F00000008000000740062005F006400650073006B0000002143341208000000CB0F0000AA070000785634120700000014010000740062005F0073006F0072007400000000000000100E0000FA170000A60E000000000000A60E0000FA1700003C0F0000000000003C0F0000FA1700000000000096000000D00F000096000000000000002C010000D00F00002C01000000000000C2010000D00F0000C20100000000000058020000D00F00005802000000000000EE020000D00F0000EE0200000000000084030000D00F000084030000000000001A040000D00F00001A04000000000000B0040000D00F0000B00400000000000046050000D00F00004605000000000000DC050000D00F0000DC0500000000000072060000D00F00007206000000000000FF0000004CFFFFFF0100000005000000540000002C0000002C0000002C00000034000000000000000000000073230000310F0000000000002D010000070000000C000000070000001C010000720600004605000058020000EE0200000D0200008403000065040000A30200006504000091050000CF0300000000000001000000CB0F0000AA07000000000000020000000200000002000000020000001C010000410600000000000001000000D00F00006806000000000000020000000200000002000000020000001C010000720600000100000000000000D00F0000E502000000000000000000000000000002000000020000001C01000072060000000000000000000084250000BC19000000000000000000000D00000004000000040000001C010000720600009E070000B004000078563412040000005800000001000000010000000B000000000000000100000002000000030000000400000005000000060000000700000008000000090000000A00000004000000640062006F00000008000000740062005F0073006F007200740000002143341208000000D00F0000EC090000785634120700000014010000740062005F006C006F00670000000000EC130000D00F0000EC1300000000000082140000D00F0000821400000000000018150000D00F00001815000000000000AE150000D00F0000AE1500000000000044160000D00F00004416000000000000DA160000D00F0000DA1600000000000070170000D00F0000701700005A0085000000000048040900480409000000000096000000C02C000096000000000000002C010000C02C00002C01000000000000C2010000C02C0000C20100000000000058020000C02C00005802000000000000EE020000C02C0000EE0200000000000084030000C02C00008403000000000000FF0000004CFFFFFF0100000005000000540000002C0000002C0000002C00000034000000000000000000000073230000310F0000000000002D010000070000000C000000070000001C010000720600004605000058020000EE0200000D0200008403000065040000A30200006504000091050000CF0300000000000001000000D00F0000EC09000000000000040000000400000002000000020000001C010000410600000000000001000000D00F0000EC09000000000000040000000400000002000000020000001C010000720600000100000000000000D00F0000E502000000000000000000000000000002000000020000001C01000072060000000000000000000084250000BC19000000000000000000000D00000004000000040000001C010000720600009E070000B004000078563412040000005600000001000000010000000B000000000000000100000002000000030000000400000005000000060000000700000008000000090000000A00000004000000640062006F00000007000000740062005F006C006F00670000002143341208000000CB0F00004F0C0000785634120700000014010000740062005F006F0072006400650072005F0066006F0072006D00000000000000AE150000D00F0000AE1500000000000044160000D00F00004416000000000000DA160000D00F0000DA1600000000000070170000D00F0000701700006A00850000000000C8040900C8040900D827000000000000D82700005B1A00006E280000000000006E2800005B1A00000429000000000000042900005B1A00009A290000000000009A2900005B1A0000302A000000000000302A00005B1A0000C62A000000000000C62A00005B1A00005C2B0000000000005C2B00005B1A0000F22B000000000000F22B00005B1A000000000000FF0000004CFFFFFF0100000005000000540000002C0000002C0000002C00000034000000000000000000000073230000310F0000000000002D010000070000000C000000070000001C010000720600004605000058020000EE0200000D0200008403000065040000A30200006504000091050000CF0300000000000001000000CB0F00004F0C000000000000050000000500000002000000020000001C010000410600000000000001000000D00F0000AE0B000000000000050000000500000002000000020000001C010000720600000100000000000000D00F0000E502000000000000000000000000000002000000020000001C01000072060000000000000000000084250000BC19000000000000000000000D00000004000000040000001C010000720600009E070000B004000078563412040000006400000001000000010000000B000000000000000100000002000000030000000400000005000000060000000700000008000000090000000A00000004000000640062006F0000000E000000740062005F006F0072006400650072005F0066006F0072006D0000006900740065006D0069007A006500000000000000000000000000000000000000000000000000000000000000000000000000000000000000000000000000000000000000000000000000000000000000000000000000000000000000000000000000000000000000000000000000000000000000000000000000000000000000000000000000000000000000000000000000000000000000000000000000000000000000000000000000000000000000000000000000000000000000000000000000000000000000000000000000000000000000000000000000000000000000000000000000000000000000000000000000000000006564646564204F626A6563740000000000F439B27100000000000000000000000000000000000000000000000000000000000000000000000000000000000000010003000000000000000C0000000B0000004E61BC00000000000000000000000000000000000000000000000000000000000000000000000000000000000000DBE6B0E91C81D011AD5100A0C90F573900000200F0316B117F01C6010202000010480500000000000000000000000000000000000C0100004400520049005600450052003D00530051004C0020005300650072007600650072003B005300450052005600450052003D0028004C004F00430041004C0029003B0054007200750073007400650064005F0043006F006E006E0065006300740069006F006E003D005900650073003B004100500050003D004D0053002000530051004C0045004D0020002D0020004400610074006100200054006F006F006C0073003B0057005300490044003D0041003B00440041005400410042004100530045003D00640062005F004400720069006E006B006500720079004D0061006E006100670065003B004100750074006F005400720061006E0073006C006100740065003D00590065007300000000800500120000004400490041004700520041004D00310000000002260010000000740062005F006400650073006B00000008000000640062006F000300440064007300530074007200650061006D000000000000000000000000000000000000000000000000000000000000000000000000000000000000000000160002000300000006000000FFFFFFFF00000000000000000000000000000000000000000000000000000000000000000000000015000000D21200000000000053006300680065006D00610020005500440056002000440065006600610075006C0074000000000000000000000000000000000000000000000000000000000026000200FFFFFFFFFFFFFFFFFFFFFFFF000000000000000000000000000000000000000000000000000000000000000000000000210000001600000000000000440053005200450046002D0053004300480045004D0041002D0043004F004E00540045004E0054005300000000000000000000000000000000000000000000002C0002010500000007000000FFFFFFFF000000000000000000000000000000000000000000000000000000000000000000000000220000006A0200000000000053006300680065006D00610020005500440056002000440065006600610075006C007400200050006F007300740020005600360000000000000000000000000036000200FFFFFFFFFFFFFFFFFFFFFFFF0000000000000000000000000000000000000000000000000000000000000000000000002C00000012000000000000000C0000009AFAFFFF861500000100260000007300630068005F006C006100620065006C0073005F00760069007300690062006C0065000000010000000B0000000600000000000000000000000000000000000000640000000000000000000000000000000000000000000000000038D30D027806050200000000000000000000000000000000D00200000600280000004100630074006900760065005400610062006C00650056006900650077004D006F006400650000000100000008000400000031000000200000005400610062006C00650056006900650077004D006F00640065003A00300000000100000008004400000035002C0030002C003200380034002C0030002C0031003600350030002C0031002C0031003300350030002C0032002C003600300030002C0035002C003900300030000000200000005400610062006C00650056006900650077004D006F00640065003A00310000000100000008001E00000032002C0030002C003200380034002C0030002C0031003600300031000000200000005400610062006C00650056006900650077004D006F00640065003A00320000000100000008001E00000032002C0030002C003200380034002C0030002C0031003600350030000000200000005400610062006C00650056006900650077004D006F00640065003A00330000000100000008001E00000032002C0030002C003200380034002C0030002C0031003600350030000000200000005400610062006C00650056006900650077004D006F00640065003A00340000000100000008003E00000034002C0030002C003200380034002C0030002C0031003600350030002C00310032002C0031003900350030002C00310031002C003100320030003000000080C21700F0700C0200000000000000000100000000000000D00200000600280000004100630074006900760065005400610062006C00650056006900650077004D006F006400650000000100000008000400000031000000200000005400610062006C00650056006900650077004D006F00640065003A00300000000100000008004400000035002C0030002C003200380034002C0030002C0031003600350030002C0031002C0031003300350030002C0032002C003600300030002C0035002C003900300030000000200000005400610062006C00650056006900650077004D006F00640065003A00310000000100000008001E00000032002C0030002C003200380034002C0030002C0031003600300031000000200000005400610062006C00650056006900650077004D006F00640065003A00320000000100000008001E00000032002C0030002C003200380034002C0030002C0031003600350030000000200000005400610062006C00650056006900650077004D006F00640065003A00330000000100000008001E00000032002C0030002C003200380034002C0030002C0031003600350030000000200000005400610062006C00650056006900650077004D006F00640065003A00340000000100000008003E00000034002C0030002C003200380034002C0030002C0031003600350030002C00310032002C0031003900350030002C00310031002C0031003200300030000000E04F140010D90A0000000000000000000200000000000000D00200000600280000004100630074006900760065005400610062006C00650056006900650077004D006F006400650000000100000008000400000031000000200000005400610062006C00650056006900650077004D006F00640065003A00300000000100000008004400000035002C0030002C003200380034002C0030002C0031003600350030002C0031002C0031003300350030002C0032002C003600300030002C0035002C003900300030000000200000005400610062006C00650056006900650077004D006F00640065003A00310000000100000008001E00000032002C0030002C003200380034002C0030002C0031003600300031000000200000005400610062006C00650056006900650077004D006F00640065003A00320000000100000008001E00000032002C0030002C003200380034002C0030002C0031003600350030000000200000005400610062006C00650056006900650077004D006F00640065003A00330000000100000008001E00000032002C0030002C003200380034002C0030002C0031003600350030000000200000005400610062006C00650056006900650077004D006F00640065003A00340000000100000008003E00000034002C0030002C003200380034002C0030002C0031003600350030002C00310032002C0031003900350030002C00310031002C0031003200300030000000409017004040180000000000000000000300000000000000D00200000600280000004100630074006900760065005400610062006C00650056006900650077004D006F006400650000000100000008000400000031000000200000005400610062006C00650056006900650077004D006F00640065003A00300000000100000008004400000035002C0030002C003200380034002C0030002C0031003600350030002C0031002C0031003300350030002C0032002C003600300030002C0035002C003900300030000000200000005400610062006C00650056006900650077004D006F00640065003A00310000000100000008001E00000032002C0030002C003200380034002C0030002C0031003600300031000000200000005400610062006C00650056006900650077004D006F00640065003A00320000000100000008001E00000032002C0030002C003200380034002C0030002C0031003600350030000000200000005400610062006C00650056006900650077004D006F00640065003A00330000000100000008001E00000032002C0030002C003200380034002C0030002C0031003600350030000000200000005400610062006C00650056006900650077004D006F00640065003A00340000000100000008003E00000034002C0030002C003200380034002C0030002C0031003600350030002C00310032002C0031003900350030002C00310031002C003100320030003000000028A50D00E05B150000000000000000000400000000000000D00200000600280000004100630074006900760065005400610062006C00650056006900650077004D006F006400650000000100000008000400000031000000200000005400610062006C00650056006900650077004D006F00640065003A00300000000100000008004400000035002C0030002C003200380034002C0030002C0031003600350030002C0031002C0031003300350030002C0032002C003600300030002C0035002C003900300030000000200000005400610062006C00650056006900650077004D006F00640065003A00310000000100000008001E00000032002C0030002C003200380034002C0030002C0031003600300031000000200000005400610062006C00650056006900650077004D006F00640065003A00320000000100000008001E00000032002C0030002C003200380034002C0030002C0031003600350030000000200000005400610062006C00650056006900650077004D006F00640065003A00330000000100000008001E00000032002C0030002C003200380034002C0030002C0031003600350030000000200000005400610062006C00650056006900650077004D006F00640065003A00340000000100000008003E00000034002C0030002C003200380034002C0030002C0031003600350030002C00310032002C0031003900350030002C00310031002C003100320030003000000030770C028077180000000000000000000500000000000000D00200000600280000004100630074006900760065005400610062006C00650056006900650077004D006F006400650000000100000008000400000031000000200000005400610062006C00650056006900650077004D006F00640065003A00300000000100000008004400000035002C0030002C003200380034002C0030002C0031003600350030002C0031002C0031003300350030002C0032002C003600300030002C0035002C003900300030000000200000005400610062006C00650056006900650077004D006F00640065003A00310000000100000008001E00000032002C0030002C003200380034002C0030002C0031003600300031000000200000005400610062006C00650056006900650077004D006F00640065003A00320000000100000008001E00000032002C0030002C003200380034002C0030002C0031003600350030000000200000005400610062006C00650056006900650077004D006F00640065003A00330000000100000008001E00000032002C0030002C003200380034002C0030002C0031003600350030000000200000005400610062006C00650056006900650077004D006F00640065003A00340000000100000008003E00000034002C0030002C003200380034002C0030002C0031003600350030002C00310032002C0031003900350030002C00310031002C003100320030003000000030BE14001074150000000000000000000600000000000000D00200000600280000004100630074006900760065005400610062006C00650056006900650077004D006F006400650000000100000008000400000031000000200000005400610062006C00650056006900650077004D006F00640065003A00300000000100000008004400000035002C0030002C003200380034002C0030002C0031003600350030002C0031002C0031003300350030002C0032002C003600300030002C0035002C003900300030000000200000005400610062006C00650056006900650077004D006F00640065003A00310000000100000008001E00000032002C0030002C003200380034002C0030002C0031003600300031000000200000005400610062006C00650056006900650077004D006F00640065003A00320000000100000008001E00000032002C0030002C003200380034002C0030002C0031003600350030000000200000005400610062006C00650056006900650077004D006F00640065003A00330000000100000008001E00000032002C0030002C003200380034002C0030002C0031003600350030000000200000005400610062006C00650056006900650077004D006F00640065003A00340000000100000008003E00000034002C0030002C003200380034002C0030002C0031003600350030002C00310032002C0031003900350030002C00310031002C003100320030003000000010651800084F1800000000004C000000019F150001000000640062006F00000046004B005F00540042005F004F0052004400450052005F005200450046004500520045004E00430045005F00540042005F00550053004500520000000200000000000000C00200000000306D180058561800084F1800000000000000000000000000A50300000100000864180060870902000000004C00000001190D0001000000640062006F00000046004B005F00540042005F004F0052004400450052005F005200450046004500520045004E00430045005F00540042005F004400450053004B0000000200000000000000C0020000000068310B00F87B0C0260870902000000000000000000000000A50300000100003068180068F81700000000004E000000011A0D0001000000640062006F00000046004B005F00540042005F004900540045004D0049005F005200450046004500520045004E00430045005F00540042005F004F00520044004500520000000200000000000000C00200000000E0680F021866180068F81700000000000000000000000000A503000001000028671800A8D71700000000004A0000000109C70301000000640062006F00000046004B005F00540042005F004D0045004E0055005F005200450046004500520045004E00430045005F00540042005F0053004F005200540000000200000000000000C0020000000088910602F8271500A8D71700000000000000000000000000A503000001000038611800B80C1800000000004C0000000137150001000000640062006F00000046004B005F00540042005F004900540045004D0049005F005200450046004500520045004E00430045005F00540042005F004D0045004E00550000000200000000000000C0020000000048501700C8541800B80C1800000000000000000000000000A503000001000050441800C04D17000000000048000000015E070201000000640062006F00000046004B005F00540042005F004C004F0047005F005200450046004500520045004E00430045005F00540042005F00550053004500520000000200000000000000C0020000000028171800C8A11500C04D1700000000000000000000000000A50300000100001E0000001065180030BE140028A50D004C000000490000000864180038D30D0228A50D001C000000170000003068180028A50D0080C2170032000000010000002867180030770C02409017003A00000035000000386118004090170080C2170034000000350000005044180030BE1400E04F14006500000034000000000000000000000000000000000000000000000000000000000000000000000000000000000000000000000000000000000000000000000000000000000000000000000000000000000000000000000000000000000000000000000000000000000000000000000000000000000000000000000000000000000000000000000000000000000000000000000000000000000000000000000000000000000000000000000000000000000000000000000000000000000000000000000000000000000000000000000000000000000000000000000000000000000000000000000000000000000000000000000000000000000000000000000000000000000000000000000000000000000000000000000000000000000000000000000000000000000000000000000000000000000000000002260016000000740062005F006900740065006D0069007A006500000008000000640062006F000000000226000E000000740062005F006C006F006700000008000000640062006F0000000002260010000000740062005F006D0065006E007500000008000000640062006F000000000226001C000000740062005F006F0072006400650072005F0066006F0072006D00000008000000640062006F0000000002260010000000740062005F0073006F0072007400000008000000640062006F0000000002240010000000740062005F007500730065007200000008000000640062006F00000000000000000000000000000000000000000000000000010003000000000000000C0000000B000000000000000000000000000000000000000000000000000000000000000000000000000000000000000000000000000000040000001C010000720600009E070000B004000078563412040000005E00000001000000010000000B000000000000000100000002000000030000000400000005000000060000000700000008000000090000000A00000004000000640062006F0000000B000000740062005F006900740065006D0069007A00650000002143341208000000D00F0000310F0000785634120700000014010000740062005F007500730065007200000000000000100E0000FA170000A60E000000000000, N'1')
GO
GO
SET IDENTITY_INSERT [dbo].[dtproperties] OFF
GO

-- ----------------------------
-- Table structure for tb_desk
-- ----------------------------
DROP TABLE [dbo].[tb_desk]
GO
CREATE TABLE [dbo].[tb_desk] (
[num] varchar(5) NOT NULL ,
[seating] int NOT NULL 
)


GO

-- ----------------------------
-- Records of tb_desk
-- ----------------------------
INSERT INTO [dbo].[tb_desk] ([num], [seating]) VALUES (N'1', N'8')
GO
GO
INSERT INTO [dbo].[tb_desk] ([num], [seating]) VALUES (N'10', N'5')
GO
GO
INSERT INTO [dbo].[tb_desk] ([num], [seating]) VALUES (N'15', N'6')
GO
GO
INSERT INTO [dbo].[tb_desk] ([num], [seating]) VALUES (N'8', N'6')
GO
GO
INSERT INTO [dbo].[tb_desk] ([num], [seating]) VALUES (N'8001', N'6')
GO
GO
INSERT INTO [dbo].[tb_desk] ([num], [seating]) VALUES (N'8002', N'6')
GO
GO
INSERT INTO [dbo].[tb_desk] ([num], [seating]) VALUES (N'8003', N'8')
GO
GO
INSERT INTO [dbo].[tb_desk] ([num], [seating]) VALUES (N'8004', N'2')
GO
GO
INSERT INTO [dbo].[tb_desk] ([num], [seating]) VALUES (N'8006', N'8')
GO
GO
INSERT INTO [dbo].[tb_desk] ([num], [seating]) VALUES (N'8008', N'8')
GO
GO

-- ----------------------------
-- Table structure for tb_menu
-- ----------------------------
DROP TABLE [dbo].[tb_menu]
GO
CREATE TABLE [dbo].[tb_menu] (
[num] char(8) NOT NULL ,
[sort_id] int NOT NULL ,
[name] varchar(20) NOT NULL ,
[code] varchar(10) NOT NULL ,
[unit] varchar(4) NOT NULL ,
[unit_price] int NOT NULL ,
[state] char(4) NOT NULL 
)


GO

-- ----------------------------
-- Records of tb_menu
-- ----------------------------
INSERT INTO [dbo].[tb_menu] ([num], [sort_id], [name], [code], [unit], [unit_price], [state]) VALUES (N'18042801', N'23', N'百事', N'bs', N'瓶', N'4', N'销售')
GO
GO
INSERT INTO [dbo].[tb_menu] ([num], [sort_id], [name], [code], [unit], [unit_price], [state]) VALUES (N'18042802', N'24', N'红烧狮子头', N'hss', N'个', N'5', N'销售')
GO
GO
INSERT INTO [dbo].[tb_menu] ([num], [sort_id], [name], [code], [unit], [unit_price], [state]) VALUES (N'18042803', N'25', N'干煸豆角', N'gbdj', N'盘', N'6', N'销售')
GO
GO
INSERT INTO [dbo].[tb_menu] ([num], [sort_id], [name], [code], [unit], [unit_price], [state]) VALUES (N'18042804', N'26', N'虾兵蟹将·', N'xbxj', N'盘', N'7', N'销售')
GO
GO
INSERT INTO [dbo].[tb_menu] ([num], [sort_id], [name], [code], [unit], [unit_price], [state]) VALUES (N'18042805', N'27', N'雪漫火焰山', N'xmhys', N'盘', N'8', N'销售')
GO
GO
INSERT INTO [dbo].[tb_menu] ([num], [sort_id], [name], [code], [unit], [unit_price], [state]) VALUES (N'18042806', N'28', N'水煮肉片', N'ssrp', N'盘', N'10', N'销售')
GO
GO
INSERT INTO [dbo].[tb_menu] ([num], [sort_id], [name], [code], [unit], [unit_price], [state]) VALUES (N'18042807', N'29', N'清蒸鲤鱼', N'qzly', N'盘', N'11', N'销售')
GO
GO
INSERT INTO [dbo].[tb_menu] ([num], [sort_id], [name], [code], [unit], [unit_price], [state]) VALUES (N'18042808', N'30', N'纯生', N'cs', N'盘', N'12', N'销售')
GO
GO
INSERT INTO [dbo].[tb_menu] ([num], [sort_id], [name], [code], [unit], [unit_price], [state]) VALUES (N'18043811', N'33', N'干煸基于', N'gbjy', N'盘', N'11', N'销售')
GO
GO

-- ----------------------------
-- Table structure for tb_order_form
-- ----------------------------
DROP TABLE [dbo].[tb_order_form]
GO
CREATE TABLE [dbo].[tb_order_form] (
[num] char(11) NOT NULL ,
[desk_num] varchar(5) NOT NULL ,
[datetime] datetime NULL ,
[money] int NOT NULL ,
[user_id] int NOT NULL 
)


GO

-- ----------------------------
-- Records of tb_order_form
-- ----------------------------
INSERT INTO [dbo].[tb_order_form] ([num], [desk_num], [datetime], [money], [user_id]) VALUES (N'20180510001', N'10', N'2018-05-10 15:01:42.000', N'26', N'44')
GO
GO
INSERT INTO [dbo].[tb_order_form] ([num], [desk_num], [datetime], [money], [user_id]) VALUES (N'20180510002', N'15', N'2018-05-10 15:18:50.000', N'20', N'44')
GO
GO

-- ----------------------------
-- Table structure for tb_order_item
-- ----------------------------
DROP TABLE [dbo].[tb_order_item]
GO
CREATE TABLE [dbo].[tb_order_item] (
[id] int NOT NULL IDENTITY(1,1) ,
[order_form_num] char(11) NOT NULL ,
[menu_num] char(8) NOT NULL ,
[amount] int NOT NULL ,
[total] int NOT NULL 
)


GO
DBCC CHECKIDENT(N'[dbo].[tb_order_item]', RESEED, 81)
GO

-- ----------------------------
-- Records of tb_order_item
-- ----------------------------
SET IDENTITY_INSERT [dbo].[tb_order_item] ON
GO
INSERT INTO [dbo].[tb_order_item] ([id], [order_form_num], [menu_num], [amount], [total]) VALUES (N'76', N'20180510001', N'18042804', N'1', N'7')
GO
GO
INSERT INTO [dbo].[tb_order_item] ([id], [order_form_num], [menu_num], [amount], [total]) VALUES (N'77', N'20180510001', N'18042805', N'1', N'8')
GO
GO
INSERT INTO [dbo].[tb_order_item] ([id], [order_form_num], [menu_num], [amount], [total]) VALUES (N'78', N'20180510001', N'18042807', N'1', N'11')
GO
GO
INSERT INTO [dbo].[tb_order_item] ([id], [order_form_num], [menu_num], [amount], [total]) VALUES (N'79', N'20180510002', N'18042804', N'1', N'7')
GO
GO
INSERT INTO [dbo].[tb_order_item] ([id], [order_form_num], [menu_num], [amount], [total]) VALUES (N'80', N'20180510002', N'18042805', N'1', N'8')
GO
GO
INSERT INTO [dbo].[tb_order_item] ([id], [order_form_num], [menu_num], [amount], [total]) VALUES (N'81', N'20180510002', N'18042802', N'1', N'5')
GO
GO
SET IDENTITY_INSERT [dbo].[tb_order_item] OFF
GO

-- ----------------------------
-- Table structure for tb_sort
-- ----------------------------
DROP TABLE [dbo].[tb_sort]
GO
CREATE TABLE [dbo].[tb_sort] (
[id] int NOT NULL IDENTITY(1,1) ,
[name] varchar(20) NOT NULL 
)


GO
DBCC CHECKIDENT(N'[dbo].[tb_sort]', RESEED, 31)
GO

-- ----------------------------
-- Records of tb_sort
-- ----------------------------
SET IDENTITY_INSERT [dbo].[tb_sort] ON
GO
INSERT INTO [dbo].[tb_sort] ([id], [name]) VALUES (N'26', N'主食类')
GO
GO
INSERT INTO [dbo].[tb_sort] ([id], [name]) VALUES (N'28', N'山东菜系')
GO
GO
INSERT INTO [dbo].[tb_sort] ([id], [name]) VALUES (N'29', N'东北菜系')
GO
GO
INSERT INTO [dbo].[tb_sort] ([id], [name]) VALUES (N'30', N'四川菜系')
GO
GO
INSERT INTO [dbo].[tb_sort] ([id], [name]) VALUES (N'31', N'西北菜系')
GO
GO
SET IDENTITY_INSERT [dbo].[tb_sort] OFF
GO

-- ----------------------------
-- Table structure for tb_user
-- ----------------------------
DROP TABLE [dbo].[tb_user]
GO
CREATE TABLE [dbo].[tb_user] (
[id] int NOT NULL IDENTITY(1,1) ,
[name] varchar(8) NOT NULL ,
[sex] char(2) NOT NULL ,
[birthday] datetime NOT NULL ,
[id_card] varchar(20) NOT NULL ,
[password] varchar(200) NULL ,
[freeze] char(4) NOT NULL 
)


GO
DBCC CHECKIDENT(N'[dbo].[tb_user]', RESEED, 47)
GO

-- ----------------------------
-- Records of tb_user
-- ----------------------------
SET IDENTITY_INSERT [dbo].[tb_user] ON
GO
INSERT INTO [dbo].[tb_user] ([id], [name], [sex], [birthday], [id_card], [password], [freeze]) VALUES (N'44', N'admin', N'男', N'2018-05-09 20:14:58.000', N'111111111111111', N'aY1RoZ2KEhzlgUmde3AWaA==', N'正常')
GO
GO
INSERT INTO [dbo].[tb_user] ([id], [name], [sex], [birthday], [id_card], [password], [freeze]) VALUES (N'45', N'李卓', N'男', N'2018-05-10 20:15:16.000', N'111111111111111', N'ICy5YqxZB1uWSwcVLSNLcA==', N'正常')
GO
GO
INSERT INTO [dbo].[tb_user] ([id], [name], [sex], [birthday], [id_card], [password], [freeze]) VALUES (N'47', N'xhhh', N'男', N'2018-05-24 20:15:45.000', N'111111111111111', N'123', N'正常')
GO
GO
SET IDENTITY_INSERT [dbo].[tb_user] OFF
GO

-- ----------------------------
-- View structure for v_order_item_and_menu
-- ----------------------------
DROP VIEW [dbo].[v_order_item_and_menu]
GO
CREATE VIEW [dbo].[v_order_item_and_menu] AS 
SELECT     dbo.tb_order_item.id, dbo.tb_order_item.order_form_num, dbo.tb_menu.name, dbo.tb_order_item.amount
FROM         dbo.tb_menu INNER JOIN
                      dbo.tb_order_item ON dbo.tb_menu.num = dbo.tb_order_item.menu_num
GO

-- ----------------------------
-- Indexes structure for table dtproperties
-- ----------------------------

-- ----------------------------
-- Primary Key structure for table dtproperties
-- ----------------------------
ALTER TABLE [dbo].[dtproperties] ADD PRIMARY KEY ([id], [property])
GO

-- ----------------------------
-- Indexes structure for table tb_desk
-- ----------------------------

-- ----------------------------
-- Primary Key structure for table tb_desk
-- ----------------------------
ALTER TABLE [dbo].[tb_desk] ADD PRIMARY KEY ([num])
GO

-- ----------------------------
-- Indexes structure for table tb_menu
-- ----------------------------

-- ----------------------------
-- Primary Key structure for table tb_menu
-- ----------------------------
ALTER TABLE [dbo].[tb_menu] ADD PRIMARY KEY ([num])
GO

-- ----------------------------
-- Indexes structure for table tb_order_form
-- ----------------------------

-- ----------------------------
-- Primary Key structure for table tb_order_form
-- ----------------------------
ALTER TABLE [dbo].[tb_order_form] ADD PRIMARY KEY ([num])
GO

-- ----------------------------
-- Indexes structure for table tb_order_item
-- ----------------------------

-- ----------------------------
-- Primary Key structure for table tb_order_item
-- ----------------------------
ALTER TABLE [dbo].[tb_order_item] ADD PRIMARY KEY ([id])
GO

-- ----------------------------
-- Indexes structure for table tb_sort
-- ----------------------------

-- ----------------------------
-- Primary Key structure for table tb_sort
-- ----------------------------
ALTER TABLE [dbo].[tb_sort] ADD PRIMARY KEY ([id])
GO

-- ----------------------------
-- Indexes structure for table tb_user
-- ----------------------------

-- ----------------------------
-- Primary Key structure for table tb_user
-- ----------------------------
ALTER TABLE [dbo].[tb_user] ADD PRIMARY KEY ([id])
GO

-- ----------------------------
-- Foreign Key structure for table [dbo].[tb_order_form]
-- ----------------------------
ALTER TABLE [dbo].[tb_order_form] ADD FOREIGN KEY ([desk_num]) REFERENCES [dbo].[tb_desk] ([num]) ON DELETE NO ACTION ON UPDATE NO ACTION
GO
ALTER TABLE [dbo].[tb_order_form] ADD FOREIGN KEY ([user_id]) REFERENCES [dbo].[tb_user] ([id]) ON DELETE NO ACTION ON UPDATE NO ACTION
GO

-- ----------------------------
-- Foreign Key structure for table [dbo].[tb_order_item]
-- ----------------------------
ALTER TABLE [dbo].[tb_order_item] ADD FOREIGN KEY ([menu_num]) REFERENCES [dbo].[tb_menu] ([num]) ON DELETE NO ACTION ON UPDATE NO ACTION
GO
ALTER TABLE [dbo].[tb_order_item] ADD FOREIGN KEY ([order_form_num]) REFERENCES [dbo].[tb_order_form] ([num]) ON DELETE NO ACTION ON UPDATE NO ACTION
GO
